1,フシギダネ,くさ,どく,45,49,49,65,65,45,318
2,フシギソウ,くさ,どく,60,62,63,80,80,60,405
3,フシギバナ,くさ,どく,80,82,83,100,100,80,525
4,ヒトカゲ,ほのお,,39,52,43,60,50,65,309
5,リザード,ほのお,,58,64,58,80,65,80,405
6,リザードン,ほのお,ひこう,78,84,78,109,85,100,534
7,ゼニガメ,みず,,44,48,65,50,64,43,314
8,カメール,みず,,59,63,80,65,80,58,405
9,カメックス,みず,,79,83,100,85,105,78,530
10,キャタピー,むし,,45,30,35,20,20,45,195
11,トランセル,むし,,50,20,55,25,25,30,205
12,バタフリー,むし,ひこう,60,45,50,90,80,70,395
13,ビードル,むし,どく,40,35,30,20,20,50,195
14,コクーン,むし,どく,45,25,50,25,25,35,205
15,スピアー,むし,どく,65,90,40,45,80,75,395
16,ポッポ,ノーマル,ひこう,40,45,40,35,35,56,251
17,ピジョン,ノーマル,ひこう,63,60,55,50,50,71,349
18,ピジョット,ノーマル,ひこう,83,80,75,70,70,101,479
19,コラッタ,ノーマル,,30,56,35,25,35,72,253
20,ラッタ,ノーマル,,55,81,60,50,70,97,413
21,オニスズメ,ノーマル,ひこう,40,60,30,31,31,70,262
22,オニドリル,ノーマル,ひこう,65,90,65,61,61,100,442
23,アーボ,どく,,35,60,44,40,54,55,288
24,アーボック,どく,,60,95,69,65,79,80,448
25,ピカチュウ,でんき,,35,55,40,50,50,90,320
26,ライチュウ,でんき,,60,90,55,90,80,110,485
27,サンド,じめん,,50,75,85,20,30,40,300
28,サンドパン,じめん,,75,100,110,45,55,65,450
29,ニドラン♀,どく,,55,47,52,40,40,41,275
30,ニドリーナ,どく,,70,62,67,55,55,56,365
31,ニドクイン,どく,じめん,90,92,87,75,85,76,505
32,ニドラン♂,どく,,46,57,40,40,40,50,273
33,ニドリーノ,どく,,61,72,57,55,55,65,365
34,ニドキング,どく,じめん,81,102,77,85,75,85,505
35,ピッピ,フェアリー,,70,45,48,60,65,35,323
36,ピクシー,フェアリー,,95,70,73,95,90,60,483
37,ロコン,ほのお,,38,41,40,50,65,65,299
38,キュウコン,ほのお,,73,76,75,81,100,100,505
39,プリン,ノーマル,フェアリー,115,45,20,45,25,20,270
40,プクリン,ノーマル,フェアリー,140,70,45,85,50,45,435
41,ズバット,どく,ひこう,40,45,35,30,40,55,245
42,ゴルバット,どく,ひこう,75,80,70,65,75,90,455
43,ナゾノクサ,くさ,どく,45,50,55,75,65,30,320
44,クサイハナ,くさ,どく,60,65,70,85,75,40,395
45,ラフレシア,くさ,どく,75,80,85,110,90,50,490
46,パラス,むし,くさ,35,70,55,45,55,25,285
47,パラセクト,むし,くさ,60,95,80,60,80,30,405
48,コンパン,むし,どく,60,55,50,40,55,45,305
49,モルフォン,むし,どく,70,65,60,90,75,90,450
50,ディグダ,じめん,,10,55,25,35,45,95,265
51,ダグトリオ,じめん,,35,100,50,50,70,120,425
52,ニャース,ノーマル,,40,45,35,40,40,90,290
53,ペルシアン,ノーマル,,65,70,60,65,65,115,440
54,コダック,みず,,50,52,48,65,50,55,320
55,ゴルダック,みず,,80,82,78,95,80,85,500
56,マンキー,かくとう,,40,80,35,35,45,70,305
57,オコリザル,かくとう,,65,105,60,60,70,95,455
58,ガーディ,ほのお,,55,70,45,70,50,60,350
59,ウインディ,ほのお,,90,110,80,100,80,95,555
60,ニョロモ,みず,,40,50,40,40,40,90,300
61,ニョロゾ,みず,,65,65,65,50,50,90,385
62,ニョロボン,みず,かくとう,90,95,95,70,90,70,510
63,ケーシィ,エスパー,,25,20,15,105,55,90,310
64,ユンゲラー,エスパー,,40,35,30,120,70,105,400
65,フーディン,エスパー,,55,50,45,135,95,120,500
66,ワンリキー,かくとう,,70,80,50,35,35,35,305
67,ゴーリキー,かくとう,,80,100,70,50,60,45,405
68,カイリキー,かくとう,,90,130,80,65,85,55,505
69,マダツボミ,くさ,どく,50,75,35,70,30,40,300
70,ウツドン,くさ,どく,65,90,50,85,45,55,390
71,ウツボット,くさ,どく,80,105,65,100,70,70,490
72,メノクラゲ,みず,どく,40,40,35,50,100,70,335
73,ドククラゲ,みず,どく,80,70,65,80,120,100,515
74,イシツブテ,いわ,じめん,40,80,100,30,30,20,300
75,ゴローン,いわ,じめん,55,95,115,45,45,35,390
76,ゴローニャ,いわ,じめん,80,120,130,55,65,45,495
77,ポニータ,ほのお,,50,85,55,65,65,90,410
78,ギャロップ,ほのお,,65,100,70,80,80,105,500
79,ヤドン,みず,エスパー,90,65,65,40,40,15,315
80,ヤドラン,みず,エスパー,95,75,110,100,80,30,490
81,コイル,でんき,はがね,25,35,70,95,55,45,325
82,レアコイル,でんき,はがね,50,60,95,120,70,70,465
83,カモネギ,ノーマル,ひこう,52,90,55,58,62,60,377
84,ドードー,ノーマル,ひこう,35,85,45,35,35,75,310
85,ドードリオ,ノーマル,ひこう,60,110,70,60,60,110,470
86,パウワウ,みず,,65,45,55,45,70,45,325
87,ジュゴン,みず,こおり,90,70,80,70,95,70,475
88,ベトベター,どく,,80,80,50,40,50,25,325
89,ベトベトン,どく,,105,105,75,65,100,50,500
90,シェルダー,みず,,30,65,100,45,25,40,305
91,パルシェン,みず,こおり,50,95,180,85,45,70,525
92,ゴース,ゴースト,どく,30,35,30,100,35,80,310
93,ゴースト,ゴースト,どく,45,50,45,115,55,95,405
94,ゲンガー,ゴースト,どく,60,65,60,130,75,110,500
95,イワーク,いわ,じめん,35,45,160,30,45,70,385
96,スリープ,エスパー,,60,48,45,43,90,42,328
97,スリーパー　,エスパー,,85,73,70,73,115,67,483
98,クラブ,みず,,30,105,90,25,25,50,325
99,キングラー,みず,,55,130,115,50,50,75,475
100,ビリリダマ,でんき,,40,30,50,55,55,100,330
101,マルマイン,でんき,,60,50,70,80,80,150,490
102,タマタマ,くさ,エスパー,60,40,80,60,45,40,325
103,ナッシー,くさ,エスパー,95,95,85,125,75,55,530
104,カラカラ,じめん,,50,50,95,40,50,35,320
105,ガラガラ,じめん,,60,80,110,50,80,45,425
106,サワムラー,かくとう,,50,120,53,35,110,87,455
107,エビワラー,かくとう,,50,105,79,35,110,76,455
108,ベロリンガ,ノーマル,,90,55,75,60,75,30,385
109,ドガース,どく,,40,65,95,60,45,35,340
110,マタドガス,どく,,65,90,120,85,70,60,490
111,サイホーン,じめん,いわ,80,85,95,30,30,25,345
112,サイドン,じめん,いわ,105,130,120,45,45,40,485
113,ラッキー,ノーマル,,250,5,5,35,105,50,450
114,モンジャラ,くさ,,65,55,115,100,40,60,435
115,ガルーラ,ノーマル,,105,95,80,40,80,90,490
116,タッツー,みず,,30,40,70,70,25,60,295
117,シードラ,みず,,55,65,95,95,45,85,440
118,トサキント,みず,,45,67,60,35,50,63,320
119,アズマオウ,みず,,80,92,65,65,80,68,450
120,ヒトデマン,みず,,30,45,55,70,55,85,340
121,スターミー,みず,エスパー,60,75,85,100,85,115,520
122,バリヤード,エスパー,フェアリー,40,45,65,100,120,90,460
123,ストライク,むし,ひこう,70,110,80,55,80,105,500
124,ルージュラ,こおり,エスパー,65,50,35,115,95,95,455
125,エレブー,でんき,,65,83,57,95,85,105,490
126,ブーバー,ほのお,,65,95,57,100,85,93,495
127,カイロス,むし,,65,125,100,55,70,85,500
128,ケンタロス,ノーマル,,75,100,95,40,70,110,490
129,コイキング,みず,,20,10,55,15,20,80,200
130,ギャラドス,みず,ひこう,95,125,79,60,100,81,540
131,ラプラス,みず,こおり,130,85,80,85,95,60,535
132,メタモン,ノーマル,,48,48,48,48,48,48,288
133,イーブイ,ノーマル,,55,55,50,45,65,55,325
134,シャワーズ,みず,,130,65,60,110,95,65,525
135,サンダース,でんき,,65,65,60,110,95,130,525
136,ブースター,ほのお,,65,130,60,95,110,65,525
137,ポリゴン,ノーマル,,65,60,70,85,75,40,395
138,オムナイト,いわ,みず,35,40,100,90,55,35,355
139,オムスター,いわ,みず,70,60,125,115,70,55,495
140,カブト,いわ,みず,30,80,90,55,45,55,355
141,カブトプス,いわ,みず,60,115,105,65,70,80,495
142,プテラ,いわ,ひこう,80,105,65,60,75,130,515
143,カビゴン,ノーマル,,160,110,65,65,110,30,540
144,フリーザー,こおり,ひこう,90,85,100,95,125,85,580
145,サンダー,でんき,ひこう,90,90,85,125,90,100,580
146,ファイヤー,ほのお,ひこう,90,100,90,125,85,90,580
147,ミニリュウ,ドラゴン,,41,64,45,50,50,50,300
148,ハクリュー,ドラゴン,,61,84,65,70,70,70,420
149,カイリュー,ドラゴン,ひこう,91,134,95,100,100,80,600
150,ミュウツー,エスパー,,106,110,90,154,90,130,680
151,ミュウ,エスパー,,100,100,100,100,100,100,600
152,チコリータ,くさ,,45,49,65,49,65,45,318
153,ベイリーフ,くさ,,60,62,80,63,80,60,405
154,メガニウム,くさ,,80,82,100,83,100,80,525
155,ヒノアラシ,ほのお,,39,52,43,60,50,65,309
156,マグマラシ,ほのお,,58,64,58,80,65,80,405
157,バクフーン,ほのお,,78,84,78,109,85,100,534
158,ワニノコ,みず,,50,65,64,44,48,43,314
159,アリゲイツ,みず,,65,80,80,59,63,58,405
160,オーダイル,みず,,85,105,100,79,83,78,530
161,オタチ,ノーマル,,35,46,34,35,45,20,215
162,オオタチ,ノーマル,,85,76,64,45,55,90,415
163,ホーホー,ノーマル,ひこう,60,30,30,36,56,50,262
164,ヨルノズク,ノーマル,ひこう,100,50,50,86,96,70,452
165,レディバ,むし,ひこう,40,20,30,40,80,55,265
166,レディアン,むし,ひこう,55,35,50,55,110,85,390
167,イトマル,むし,どく,40,60,40,40,40,30,250
168,アリアドス,むし,どく,70,90,70,60,70,40,400
169,クロバット,どく,ひこう,85,90,80,70,80,130,535
170,チョンチー,みず,でんき,75,38,38,56,56,67,330
171,ランターン,みず,でんき,125,58,58,76,76,67,460
172,ピチュー,でんき,,20,40,15,35,35,60,205
173,ピィ,フェアリー,,50,25,28,45,55,15,218
174,ププリン,ノーマル,フェアリー,90,30,15,40,20,15,210
175,トゲピー,フェアリー,,35,20,65,40,65,20,245
176,トゲチック,フェアリー,ひこう,55,40,85,80,105,40,405
177,ネイティ,エスパー,ひこう,40,50,45,70,45,70,320
178,ネイティオ,エスパー,ひこう,65,75,70,95,70,95,470
179,メリープ,でんき,,55,40,40,65,45,35,280
180,モココ,でんき,,70,55,55,80,60,45,365
181,デンリュウ,でんき,,90,75,85,115,90,55,510
182,キレイハナ,くさ,,75,80,95,90,100,50,490
183,マリル,みず,フェアリー,70,20,50,20,50,40,250
184,マリルリ,みず,フェアリー,100,50,80,60,80,50,420
185,ウソッキー,いわ,,70,100,115,30,65,30,410
186,ニョロトノ,みず,,90,75,75,90,100,70,500
187,ハネッコ,くさ,ひこう,35,35,40,35,55,50,250
188,ポポッコ,くさ,ひこう,55,45,50,45,65,80,340
189,ワタッコ,くさ,ひこう,75,55,70,55,95,110,460
190,エイパム,ノーマル,,55,70,55,40,55,85,360
191,ヒマナッツ,くさ,,30,30,30,30,30,30,180
192,キマワリ,くさ,,75,75,55,105,85,30,425
193,ヤンヤンマ,むし,ひこう,65,65,45,75,45,95,390
194,ウパー,みず,じめん,55,45,45,25,25,15,210
195,ヌオー,みず,じめん,95,85,85,65,65,35,430
196,エーフィ,エスパー,,65,65,60,130,95,110,525
197,ブラッキー,あく,,95,65,110,60,130,65,525
198,ヤミカラス,あく,ひこう,60,85,42,85,42,91,405
199,ヤドキング,みず,エスパー,95,75,80,100,110,30,490
200,ムウマ,ゴースト,,60,60,60,85,85,85,435
201,アンノーン,エスパー,,48,72,48,72,48,48,336
202,ソーナンス,エスパー,,190,33,58,33,58,33,405
203,キリンリキ,ノーマル,エスパー,70,80,65,90,65,85,455
204,クヌギダマ,むし,,50,65,90,35,35,15,290
205,フォレトス,むし,はがね,75,90,140,60,60,40,465
206,ノコッチ,ノーマル,,100,70,70,65,65,45,415
207,グライガー,じめん,ひこう,65,75,105,35,65,85,430
208,ハガネール,はがね,じめん,75,85,200,55,65,30,510
209,ブルー,フェアリー,,60,80,50,40,40,30,300
210,グランブル,フェアリー,,90,120,75,60,60,45,450
211,ハリーセン,みず,どく,65,95,85,55,55,85,440
212,ハッサム,むし,はがね,70,130,100,55,80,65,500
213,ツボツボ,むし,いわ,20,10,230,10,230,5,505
214,ヘラクロス,むし,かくとう,80,125,75,40,95,85,500
215,ニューラ,あく,こおり,55,95,55,35,75,115,430
216,ヒメグマ,ノーマル,,60,80,50,50,50,40,330
217,リングマ,ノーマル,,90,130,75,75,75,55,500
218,マグマッグ,ほのお,,40,40,40,70,40,20,250
219,マグカルゴ,ほのお,いわ,60,50,120,90,80,30,430
220,ウリムー,こおり,じめん,50,50,40,30,30,50,250
221,イノムー,こおり,じめん,100,100,80,60,60,50,450
222,サニーゴ,みず,いわ,65,55,95,65,95,35,410
223,テッポウオ,みず,,35,65,35,65,35,65,300
224,オクタン,みず,,75,105,75,105,75,45,480
225,デリバード,こおり,ひこう,45,55,45,65,45,75,330
226,マンタイン,みず,ひこう,85,40,70,80,140,70,485
227,エアームド,はがね,ひこう,65,80,140,40,70,70,465
228,デルビル,あく,ほのお,45,60,30,80,50,65,330
229,ヘルガー,あく,ほのお,75,90,50,110,80,95,500
230,キングドラ,みず,ドラゴン,75,95,95,95,95,85,540
231,ゴマゾウ,じめん,,90,60,60,40,40,40,330
232,ドンファン,じめん,,90,120,120,60,60,50,500
233,ポリゴン２,ノーマル,,85,80,90,105,95,60,515
234,オドシシ,ノーマル,,73,95,62,85,65,85,465
235,ドーブル,ノーマル,,55,20,35,20,45,75,250
236,バルキー,かくとう,,35,35,35,35,35,35,210
237,カポエラー,かくとう,,50,95,95,35,110,70,455
238,ムチュール,こおり,エスパー,45,30,15,85,65,65,305
239,エレキッド,でんき,,45,63,37,65,55,95,360
240,ブビィ,ほのお,,45,75,37,70,55,83,365
241,ミルタンク,ノーマル,,95,80,105,40,70,100,490
242,ハピナス,ノーマル,,255,10,10,75,135,55,540
243,ライコウ,でんき,,90,85,75,115,100,115,580
244,エンテイ,ほのお,,115,115,85,90,75,100,580
245,スイクン,みず,,100,75,115,90,115,85,580
246,ヨーギラス,いわ,じめん,50,64,50,45,50,41,300
247,サナギラス,いわ,じめん,70,84,70,65,70,51,410
248,バンギラス,いわ,あく,100,134,110,95,100,61,600
249,ルギア,エスパー,ひこう,106,90,130,90,154,110,680
250,ホウオウ,ほのお,ひこう,106,130,90,110,154,90,680
251,セレビィ,エスパー,むし,100,100,100,100,100,100,600
252,キモリ,くさ,,40,45,35,65,55,70,310
253,ジュプトル,くさ,,50,65,45,85,65,95,405
254,ジュカイン,くさ,,70,85,65,105,85,120,530
255,アチャモ,ほのお,,45,60,40,70,50,45,310
256,ワカシャモ,ほのお,かくとう,60,85,60,85,60,55,405
257,バシャーモ,ほのお,かくとう,80,120,70,110,70,80,530
258,ミズゴロウ,みず,,50,70,50,50,50,40,310
259,ヌマクロー,みず,じめん,70,85,70,60,70,50,405
260,ラグラージ,みず,じめん,100,110,90,85,90,60,535
261,ポチエナ,あく,,35,55,35,30,30,35,220
262,グラエナ,あく,,70,90,70,60,60,70,420
263,ジグザグマ,ノーマル,,38,30,41,30,41,60,240
264,マッスグマ,ノーマル,,78,70,61,50,61,100,420
265,ケムッソ,むし,,45,45,35,20,30,20,195
266,カラサリス,むし,,50,35,55,25,25,15,205
267,アゲハント,むし,ひこう,60,70,50,100,50,65,395
268,マユルド,むし,,50,35,55,25,25,15,205
269,ドクケイル,むし,どく,60,50,70,50,90,65,385
270,ハスボー,みず,むし,40,30,30,40,50,30,220
271,ハスブレロ,みず,むし,60,50,50,60,70,50,340
272,ルンパッパ,みず,むし,80,70,70,90,100,70,480
273,タネボー,くさ,,40,40,50,30,30,30,220
274,コノハナ,くさ,あく,70,70,40,60,40,60,340
275,ダーテング,くさ,あく,90,100,60,90,60,80,480
276,スバメ,ノーマル,ひこう,40,55,30,30,30,85,270
277,オオスバメ,ノーマル,ひこう,60,85,60,75,50,125,455
278,キャモメ,みず,ひこう,40,30,30,55,30,85,270
279,ペリッパー,みず,ひこう,60,50,100,95,70,65,440
280,ラルトス,エスパー,フェアリー,28,25,25,45,35,40,198
281,キルリア,エスパー,フェアリー,38,35,35,65,55,50,278
282,サーナイト,エスパー,フェアリー,68,65,65,125,115,80,518
283,アメタマ,むし,みず,40,30,32,50,52,65,269
284,アメモース,むし,ひこう,70,60,62,100,82,80,454
285,キノココ,くさ,,60,40,60,40,60,35,295
286,キノガッサ,くさ,かくとう,60,130,80,60,60,70,460
287,ナマケロ,ノーマル,,60,60,60,35,35,30,280
288,ヤルキモノ,ノーマル,,80,80,80,55,55,90,440
289,ケッキング,ノーマル,,150,160,100,95,65,100,670
290,ツチニン,むし,じめん,31,45,90,30,30,40,266
291,テッカニン,むし,ひこう,61,90,45,50,50,160,456
292,ヌケニン,むし,ゴースト,1,90,45,30,30,40,236
293,ゴニョニョ,ノーマル,,64,51,23,51,23,28,240
294,ドゴーム,ノーマル,,84,71,43,71,43,48,360
295,バクオング,ノーマル,,104,91,63,91,73,68,490
296,マクノシタ,かくとう,,72,60,30,20,30,25,237
297,ハリテヤマ,かくとう,,144,120,60,40,60,50,474
298,ルリリ,ノーマル,フェアリー,50,20,40,20,40,20,190
299,ノズパス,いわ,,30,45,135,45,90,30,375
300,エネコ,ノーマル,,50,45,45,35,35,50,260
301,エネコロロ,ノーマル,,70,65,65,55,55,90,400
302,ヤミラミ,あく,ゴースト,50,75,75,65,65,50,380
303,クチート,はがね,フェアリー,50,85,85,55,55,50,380
304,ココドラ,はがね,いわ,50,70,100,40,40,30,330
305,コドラ,はがね,いわ,60,90,140,50,50,40,430
306,ボスゴドラ,はがね,いわ,70,110,180,60,60,50,530
307,アサナン,かくとう,エスパー,30,40,55,40,55,60,280
308,チャーレム,かくとう,エスパー,60,60,75,60,75,80,410
309,ラクライ,でんき,,40,45,40,65,40,65,295
310,ライボルト,でんき,,70,75,60,105,60,105,475
311,プラスル,でんき,,60,50,40,85,75,95,405
312,マイナン,でんき,,60,40,50,75,85,95,405
313,バルビート,むし,,65,73,75,47,85,85,430
314,イルミーゼ,むし,,65,47,75,73,85,85,430
315,ロゼリア,くさ,どく,50,60,45,100,80,65,400
316,ゴクリン,どく,,70,43,53,43,53,40,302
317,マルノーム,どく,,100,73,83,73,83,55,467
318,キバニア,みず,あく,45,90,20,65,20,65,305
319,サメハダー,みず,あく,70,120,40,95,40,95,460
320,ホエルコ,みず,,130,70,35,70,35,60,400
321,ホエルオー,みず,,170,90,45,90,45,60,500
322,ドンメル,ほのお,じめん,60,60,40,65,45,35,305
323,バクーダ,ほのお,じめん,70,100,70,105,75,40,460
324,コータス,ほのお,,70,85,140,85,70,20,470
325,バネブー,エスパー,,60,25,35,70,80,60,330
326,ブーピッグ,エスパー,,80,45,65,90,110,80,470
327,パッチール,ノーマル,,60,60,60,60,60,60,360
328,ナックラー,じめん,,45,100,45,45,45,10,290
329,ビブラーバ,じめん,ドラゴン,50,70,50,50,50,70,340
330,フライゴン,じめん,ドラゴン,80,100,80,80,80,100,520
331,サボネア,くさ,,50,85,40,85,40,35,335
332,ノクタス,くさ,あく,70,115,60,115,60,55,475
333,チルット,ノーマル,ひこう,45,40,60,40,75,50,310
334,チルタリス,ドラゴン,ひこう,75,70,90,70,105,80,490
335,ザングース,ノーマル,,73,115,60,60,60,90,458
336,ハブネーク,どく,,73,100,60,100,60,65,458
337,ルナトーン,いわ,エスパー,90,55,65,95,85,70,460
338,ソルロック,いわ,エスパー,90,95,85,55,65,70,460
339,ドジョッチ,みず,じめん,50,48,43,46,41,60,288
340,ナマズン,みず,じめん,110,78,73,76,71,60,468
341,ヘイガニ,みず,,43,80,65,50,35,35,308
342,シザリガー,みず,あく,63,120,85,90,55,55,468
343,ヤジロン,じめん,エスパー,40,40,55,40,70,55,300
344,ネンドール,じめん,エスパー,60,70,105,70,120,75,500
345,リリーラ,いわ,くさ,66,41,77,61,87,23,355
346,ユレイドル,いわ,くさ,86,81,97,81,107,43,495
347,アノプス,いわ,むし,45,95,50,40,50,75,355
348,アーマルド,いわ,むし,75,125,100,70,80,45,495
349,ヒンバス,みず,,20,15,20,10,55,80,200
350,ミロカロス,みず,,95,60,79,100,125,81,540
351,ポワルン,ノーマル,,70,70,70,70,70,70,420
352,カクレオン,ノーマル,,60,90,70,60,120,40,440
353,カゲボウズ,ゴースト,,44,75,35,63,33,45,295
354,ジュペッタ,ゴースト,,64,115,65,83,63,65,455
355,ヨマワル,ゴースト,,20,40,90,30,90,25,295
356,サマヨール,ゴースト,,40,70,130,60,130,25,455
357,トロピウス,くさ,ひこう,99,68,83,72,87,51,460
358,チリーン,エスパー,,75,50,80,95,90,65,455
359,アブソル,あく,,65,130,60,75,60,75,465
360,ソーナノ,エスパー,,95,23,48,23,48,23,260
361,ユキワラシ,こおり,,50,50,50,50,50,50,300
362,オニゴーリ,こおり,,80,80,80,80,80,80,480
363,タマザラシ,こおり,みず,70,40,50,55,50,25,290
364,トドグラー,こおり,みず,90,60,70,75,70,45,410
365,トドゼルガ,こおり,みず,110,80,90,95,90,65,530
366,パールル,みず,,35,64,85,74,55,32,345
367,ハンテール,みず,,55,104,105,94,75,52,485
368,サクラビス,みず,,55,84,105,114,75,52,485
369,ジーランス,みず,いわ,100,90,130,45,65,55,485
370,ラブカス,みず,,43,30,55,40,65,97,330
371,タツベイ,ドラゴン,,45,75,60,40,30,50,300
372,コモルー,ドラゴン,,65,95,100,60,50,50,420
373,ボーマンダ,ドラゴン,ひこう,95,135,80,110,80,100,600
374,ダンバル,はがね,エスパー,40,55,80,35,60,30,300
375,メタング,はがね,エスパー,60,75,100,55,80,50,420
376,メタグロス,はがね,エスパー,80,135,130,95,90,70,600
377,レジロック,いわ,,80,100,200,50,100,50,580
378,レジアイス,こおり,,80,50,100,100,200,50,580
379,レジスチル,はがね,,80,75,150,75,150,50,580
380,ラティアス,ドラゴン,エスパー,80,80,90,110,130,110,600
381,ラティオス,ドラゴン,エスパー,80,90,80,130,110,110,600
382,カイオーガ,みず,,100,100,90,150,140,90,670
383,グラードン,じめん,,100,150,140,100,90,90,670
384,レックウザ,ドラゴン,ひこう,105,150,90,150,90,95,680
385,ジラーチ,はがね,エスパー,100,100,100,100,100,100,600
386,デオキシスN,エスパー,,50,150,50,150,50,150,600
387,ナエトル,くさ,,55,68,64,45,55,31,318
388,ハヤシガメ,くさ,,75,89,85,55,65,36,405
389,ドダイトス,くさ,じめん,95,109,105,75,85,56,525
390,ヒコザル,ほのお,,44,58,44,58,44,61,309
391,モウカザル,ほのお,かくとう,64,78,52,78,52,81,405
392,ゴウカザル,ほのお,かくとう,76,104,71,104,71,108,534
393,ポッチャマ,みず,,53,51,53,61,56,40,314
394,ポッタイシ,みず,,64,66,68,81,76,50,405
395,エンペルト,みず,はがね,84,86,88,111,101,60,530
396,ムックル,ノーマル,ひこう,40,55,30,30,30,60,245
397,ムクバード,ノーマル,ひこう,55,75,50,40,40,80,340
398,ムクホーク,ノーマル,ひこう,85,120,70,50,60,100,485
399,ビッパ,ノーマル,,59,45,40,35,40,31,250
400,ビーダル,ノーマル,みず,79,85,60,55,60,71,410
401,コロボーシ,むし,,37,25,41,25,41,25,194
402,コロトック,むし,,77,85,51,55,51,65,384
403,コリンク,でんき,,45,65,34,40,34,45,263
404,ルクシオ,でんき,,60,85,49,60,49,60,363
405,レントラー,でんき,,80,120,79,95,79,70,523
406,スボミー,くさ,どく,40,30,35,50,70,55,280
407,ロズレイド,くさ,どく,60,70,65,125,105,90,515
408,ズガイドス,いわ,,67,125,40,30,30,58,350
409,ラムパルド,いわ,,97,165,60,65,50,58,495
410,タテトプス,いわ,はがね,30,42,118,42,88,30,350
411,トリデプス,いわ,はがね,60,52,168,47,138,30,495
412,ミノムッチ,むし,,40,29,45,29,45,36,224
413,ミノマダム草,むし,くさ,60,59,85,79,105,36,424
414,ガーメイル,むし,ひこう,70,94,50,94,50,66,424
415,ミツハニー,むし,ひこう,30,30,42,30,42,70,244
416,ビークイン,むし,ひこう,70,80,102,80,102,40,474
417,パチリス,でんき,,60,45,70,45,90,95,405
418,ブイゼル,みず,,55,65,35,60,30,85,330
419,フローゼル,みず,,85,105,55,85,50,115,495
420,チェリンボ,くさ,,45,35,45,62,53,35,275
421,チェリム,くさ,,70,60,70,87,78,85,450
422,カラナクシ,みず,,76,48,48,57,62,34,325
423,トリトドン,みず,じめん,111,83,68,92,82,39,475
424,エテボース,ノーマル,,75,100,66,60,66,115,482
425,フワンテ,ゴースト,ひこう,90,50,34,60,44,70,348
426,フワライド,ゴースト,ひこう,150,80,44,90,54,80,498
427,ミミロル,ノーマル,,55,66,44,44,56,85,350
428,ミミロップ,ノーマル,,65,76,84,54,96,105,480
429,ムウマージ,ゴースト,,60,60,60,105,105,105,495
430,ドンカラス,あく,ひこう,100,125,52,105,52,71,505
431,ニャルマー,ノーマル,,49,55,42,42,37,85,310
432,ブニャット,ノーマル,,71,82,64,64,59,112,452
433,リーシャン,エスパー,,45,30,50,65,50,45,285
434,スカンプー,どく,あく,63,63,47,41,41,74,329
435,スカタンク,どく,あく,103,93,67,71,61,84,479
436,ドーミラー,はがね,エスパー,57,24,86,24,86,23,300
437,ドータクン,はがね,エスパー,67,89,116,79,116,33,500
438,ウソハチ,いわ,,50,80,95,10,45,10,290
439,マネネ,エスパー,フェアリー,20,25,45,70,90,60,310
440,ピンプク,ノーマル,,100,5,5,15,65,30,220
441,ペラップ,ノーマル,ひこう,76,65,45,92,42,91,411
442,ミカルゲ,ゴースト,あく,50,92,108,92,108,35,485
443,フカマル,ドラゴン,じめん,58,70,45,40,45,42,300
444,ガバイト,ドラゴン,じめん,68,90,65,50,55,82,410
445,ガブリアス,ドラゴン,じめん,108,130,95,80,85,102,600
446,ゴンベ,ノーマル,,135,85,40,40,85,5,390
447,リオル,かくとう,,40,70,40,35,40,60,285
448,ルカリオ,かくとう,はがね,70,110,70,115,70,90,525
449,ヒポポタス,じめん,,68,72,78,38,42,32,330
450,カバルドン,じめん,,108,112,118,68,72,47,525
451,スコルピ,どく,むし,40,50,90,30,55,65,330
452,ドラピオン,どく,あく,70,90,110,60,75,95,500
453,グレッグル,どく,かくとう,48,61,40,61,40,50,300
454,ドクロッグ,どく,かくとう,83,106,65,86,65,85,490
455,マスキッパ,くさ,,74,100,72,90,72,46,454
456,ケイコウオ,みず,,49,49,56,49,61,66,330
457,ネオラント,みず,,69,69,76,69,86,91,460
458,タマンタ,みず,ひこう,45,20,50,60,120,50,345
459,ユキカブリ,くさ,こおり,60,62,50,62,60,40,334
460,ユキノオー,くさ,こおり,90,92,75,92,85,60,494
461,マニューラ,あく,こおり,70,120,65,45,85,125,510
462,ジバコイル,でんき,はがね,70,70,115,130,90,60,535
463,ベロベルト,ノーマル,,110,85,95,80,95,50,515
464,ドサイドン,じめん,いわ,115,140,130,55,55,40,535
465,モジャンボ,くさ,,100,100,125,110,50,50,535
466,エレキブル,でんき,,75,123,67,95,85,95,540
467,ブーバーン,ほのお,,75,95,67,125,95,83,540
468,トゲキッス,フェアリー,ひこう,85,50,95,120,115,80,545
469,メガヤンマ,むし,ひこう,86,76,86,116,56,95,515
470,リーフィア,くさ,,65,110,130,60,65,95,525
471,グレイシア,こおり,,65,60,110,130,95,65,525
472,グライオン,じめん,ひこう,75,95,125,45,75,95,510
473,マンムー,こおり,じめん,110,130,80,70,60,80,530
474,ポリゴンＺ,ノーマル,,85,80,70,135,75,90,535
475,エルレイド,エスパー,かくとう,68,125,65,65,115,80,518
476,ダイノーズ,いわ,はがね,60,55,145,75,150,40,525
477,ヨノワール,ゴースト,,45,100,135,65,135,45,525
478,ユキメノコ,こおり,ゴースト,70,80,70,80,70,110,480
479,ロトム,でんき,ゴースト,50,50,77,95,77,91,440
480,ユクシー,エスパー,,75,75,130,75,130,95,580
481,エムリット,エスパー,,80,105,105,105,105,80,580
482,アグノム,エスパー,,75,125,70,125,70,115,580
483,ディアルガ,はがね,ドラゴン,100,120,120,150,100,90,680
484,パルキア,みず,ドラゴン,90,120,100,150,120,100,680
485,ヒードラン,ほのお,はがね,91,90,106,130,106,77,600
486,レジギガス,ノーマル,,110,160,110,80,110,100,670
487,ギラティナA,ゴースト,ドラゴン,150,100,120,100,120,90,680
488,クレセリア,エスパー,,120,70,120,75,130,85,600
489,フィオネ,みず,,80,80,80,80,80,80,480
490,マナフィ,みず,,100,100,100,100,100,100,600
491,ダークライ,あく,,70,90,90,135,90,125,600
492,シェイミL,くさ,,100,100,100,100,100,100,600
493,アルセウス,ノーマル,,120,120,120,120,120,120,720
494,ビクティニ,エスパー,ほのお,100,100,100,100,100,100,600
495,ツタージャ,くさ,,45,45,55,45,55,63,308
496,ジャノビー,くさ,,60,60,75,60,75,83,413
497,ジャローダ,くさ,,75,75,95,75,95,113,528
498,ポカブ,ほのお,,65,63,45,45,45,45,308
499,チャオブー,ほのお,かくとう,90,93,55,70,55,55,418
500,エンブオー,ほのお,かくとう,110,123,65,100,65,65,528
501,ミジュマル,みず,,55,55,45,63,45,45,308
502,フタチマル,みず,,75,75,60,83,60,60,413
503,ダイケンキ,みず,,95,100,85,108,70,70,528
504,ミネズミ,ノーマル,,45,55,39,35,39,42,255
505,ミルホッグ,ノーマル,,60,85,69,60,69,77,420
506,ヨーテリー,ノーマル,,45,60,45,25,45,55,275
507,ハーデリア,ノーマル,,65,80,65,35,65,60,370
508,ムーランド,ノーマル,,85,110,90,45,90,80,500
509,チョロネコ,あく,,41,50,37,50,37,66,281
510,レパルダス,あく,,64,88,50,88,50,106,446
511,ヤナップ,くさ,,50,53,48,53,48,64,316
512,ヤナッキー,くさ,,75,98,63,98,63,101,498
513,バオップ,ほのお,,50,53,48,53,48,64,316
514,バオッキー,ほのお,,75,98,63,98,63,101,498
515,ヒヤップ,みず,,50,53,48,53,48,64,316
516,ヒヤッキー,みず,,75,98,63,98,63,101,498
517,ムンナ,エスパー,,76,25,45,67,55,24,292
518,ムシャーナ,エスパー,,116,55,85,107,95,29,487
519,マメパト,ノーマル,ひこう,50,55,50,36,30,43,264
520,ハトーボー,ノーマル,ひこう,62,77,62,50,42,65,358
521,ケンホロウ,ノーマル,ひこう,80,115,80,65,55,93,488
522,シママ,でんき,,45,60,32,50,32,76,295
523,ゼブライカ,でんき,,75,100,63,80,63,116,497
524,ダンゴロ,いわ,,55,75,85,25,25,15,280
525,ガントル,いわ,,70,105,105,50,40,20,390
526,ギガイアス,いわ,,85,135,130,60,80,25,515
527,コロモリ,エスパー,ひこう,65,45,43,55,43,72,323
528,ココロモリ,エスパー,ひこう,67,57,55,77,55,114,425
529,モグリュー,じめん,,60,85,40,30,45,68,328
530,ドリュウズ,じめん,はがね,110,135,60,50,65,88,508
531,タブンネ,ノーマル,,103,60,86,60,86,50,445
532,ドッコラー,かくとう,,75,80,55,25,35,35,305
533,ドテッコツ,かくとう,,85,105,85,40,50,40,405
534,ローブシン,かくとう,,105,140,95,55,65,45,505
535,オタマロ,みず,,50,50,40,50,40,64,294
536,ガマガル,みず,じめん,75,65,55,65,55,69,384
537,ガマゲロゲ,みず,じめん,105,95,75,85,75,74,509
538,ナゲキ,かくとう,,120,100,85,30,85,45,465
539,ダゲキ,かくとう,,75,125,75,30,75,85,465
540,クルミル,むし,くさ,45,53,70,40,60,42,310
541,クルマユ,むし,くさ,55,63,90,50,80,42,380
542,ハハコモリ,むし,くさ,75,103,80,70,80,92,500
543,フシデ,むし,どく,30,45,59,30,39,57,260
544,ホイーガ,むし,どく,40,55,99,40,79,47,360
545,ペンドラー,むし,どく,60,100,89,55,69,112,485
546,モンメン,くさ,フェアリー,40,27,60,37,50,66,280
547,エルフーン,くさ,フェアリー,60,67,85,77,75,116,480
548,チュリネ,くさ,,45,35,50,70,50,30,280
549,ドレディア,くさ,,70,60,75,110,75,90,480
550,バスラオ赤,みず,,70,92,65,80,55,98,460
551,メグロコ,じめん,あく,50,72,35,35,35,65,292
552,ワルビル,じめん,あく,60,82,45,45,45,74,351
553,ワルビアル,じめん,あく,95,117,80,65,70,92,519
554,ダルマッカ,ほのお,,70,90,45,15,45,50,315
555,ヒヒダルマN,ほのお,,105,140,55,30,55,95,480
556,マラカッチ,くさ,,75,86,67,106,67,60,461
557,イシズマイ,むし,いわ,50,65,85,35,35,55,325
558,イワパレス,むし,いわ,70,105,125,65,75,45,485
559,ズルッグ,あく,かくとう,50,75,70,35,70,48,348
560,ズルズキン,あく,かくとう,65,90,115,45,115,58,488
561,シンボラー,エスパー,ひこう,72,58,80,103,80,97,490
562,デスマス,ゴースト,,38,30,85,55,65,30,303
563,デスカーン,ゴースト,,58,50,145,95,105,30,483
564,プロトーガ,みず,いわ,54,78,103,53,45,22,355
565,アバゴーラ,みず,いわ,74,108,133,83,65,32,495
566,アーケン,いわ,ひこう,55,112,45,74,45,70,401
567,アーケオス,いわ,ひこう,75,140,65,112,65,110,567
568,ヤブクロン,どく,,50,50,62,40,62,65,329
569,ダストダス,どく,,80,95,82,60,82,75,474
570,ゾロア,あく,,40,65,40,80,40,65,330
571,ゾロアーク,あく,,60,105,60,120,60,105,510
572,チラーミィ,ノーマル,,55,50,40,40,40,75,300
573,チラチーノ,ノーマル,,75,95,60,65,60,115,470
574,ゴチム,エスパー,,45,30,50,55,65,45,290
575,ゴチミル,エスパー,,60,45,70,75,85,55,390
576,ゴチルゼル,エスパー,,70,55,95,95,110,65,490
577,ユニラン,エスパー,,45,30,40,105,50,20,290
578,ダブラン,エスパー,,65,40,50,125,60,30,370
579,ランクルス,エスパー,,110,65,75,125,85,30,490
580,コアルヒー,みず,ひこう,62,44,50,44,50,55,305
581,スワンナ,みず,ひこう,75,87,63,87,63,98,473
582,バニプッチ,こおり,,36,50,50,65,60,44,305
583,バニリッチ,こおり,,51,65,65,80,75,59,395
584,バイバニラ,こおり,,71,95,85,110,95,79,535
585,シキジカ,ノーマル,むし,60,60,50,40,50,75,335
586,メブキジカ,ノーマル,むし,80,100,70,60,70,95,475
587,エモンガ,でんき,ひこう,55,75,60,75,60,103,428
588,カブルモ,むし,,50,75,45,40,45,60,315
589,シュバルゴ,むし,はがね,70,135,105,60,105,20,495
590,タマゲタケ,くさ,どく,69,55,45,55,55,15,294
591,モロバレル,くさ,どく,114,85,70,85,80,30,464
592,プルリル,みず,ゴースト,55,40,50,65,85,40,335
593,ブルンゲル,みず,ゴースト,100,60,70,85,105,60,480
594,ママンボウ,みず,,165,75,80,40,45,65,470
595,バチュル,むし,でんき,50,47,50,57,50,65,319
596,デンチュラ,むし,でんき,70,77,60,97,60,108,472
597,テッシード,くさ,はがね,44,50,91,24,86,10,305
598,ナットレイ,くさ,はがね,74,94,131,54,116,20,489
599,ギアル,はがね,,40,55,70,45,60,30,300
600,ギギアル,はがね,,60,80,95,70,85,50,440
601,ギギギアル,はがね,,60,100,115,70,85,90,520
602,シビシラス,でんき,,35,55,40,45,40,60,275
603,シビビール,でんき,,65,85,70,75,70,40,405
604,シビルドン,でんき,,85,115,80,105,80,50,515
605,リグレー,エスパー,,55,55,55,85,55,30,335
606,オーベム,エスパー,,75,75,75,125,95,40,485
607,ヒトモシ,ゴースト,ほのお,50,30,55,65,55,20,275
608,ランプラー,ゴースト,ほのお,60,40,60,95,60,55,370
609,シャンデラ,ゴースト,ほのお,60,55,90,145,90,80,520
610,キバゴ,ドラゴン,,46,87,60,30,40,57,320
611,オノンド,ドラゴン,,66,117,70,40,50,67,410
612,オノノクス,ドラゴン,,76,147,90,60,70,97,540
613,クマシュン,こおり,,55,70,40,60,40,40,305
614,ツンベアー,こおり,,95,130,80,70,80,50,505
615,フリージオ,こおり,,80,50,50,95,135,105,515
616,チョボマキ,むし,,50,40,85,40,65,25,305
617,アギルダー,むし,,80,70,40,100,60,145,495
618,マッギョ,じめん,でんき,109,66,84,81,99,32,471
619,コジョフー,かくとう,,45,85,50,55,50,65,350
620,コジョンド,かくとう,,65,125,60,95,60,105,510
621,クリムガン,ドラゴン,,77,120,90,60,90,48,485
622,ゴビット,じめん,ゴースト,59,74,50,35,50,35,303
623,ゴルーグ,じめん,ゴースト,89,124,80,55,80,55,483
624,コマタナ,あく,はがね,45,85,70,40,40,60,340
625,キリキザン,あく,はがね,65,125,100,60,70,70,490
626,バッフロン,ノーマル,,95,110,95,40,95,55,490
627,ワシボン,ノーマル,ひこう,70,83,50,37,50,60,350
628,ウォーグル,ノーマル,ひこう,100,123,75,57,75,80,510
629,バルチャイ,あく,ひこう,70,55,75,45,65,60,370
630,バルジーナ,あく,ひこう,110,65,105,55,95,80,510
631,クイタラン,ほのお,,85,97,66,105,66,65,484
632,アイアント,むし,はがね,58,109,112,48,48,109,484
633,モノズ,あく,ドラゴン,52,65,50,45,50,38,300
634,ジヘッド,あく,ドラゴン,72,85,70,65,70,58,420
635,サザンドラ,あく,ドラゴン,92,105,90,125,90,98,600
636,メラルバ,むし,ほのお,55,85,55,50,55,60,360
637,ウルガモス,むし,ほのお,85,60,65,135,105,100,550
638,コバルオン,はがね,かくとう,91,90,129,90,72,108,580
639,テラキオン,いわ,かくとう,91,129,90,72,90,108,580
640,ビリジオン,くさ,かくとう,91,90,72,90,129,108,580
641,トルネロス化身,ひこう,,79,115,70,125,80,111,580
642,ボルトロス化身,でんき,ひこう,79,115,70,125,80,111,580
643,レシラム,ドラゴン,ほのお,100,120,100,150,120,90,680
644,ゼクロム,ドラゴン,でんき,100,150,120,120,100,90,680
645,ランドロス化身,じめん,ひこう,89,125,90,115,80,101,600
646,キュレム,ドラゴン,こおり,125,130,90,130,90,95,660
647,ケルディオ,みず,かくとう,91,72,90,129,90,108,580
648,メロエッタＶ,ノーマル,エスパー,100,77,77,128,128,90,600
649,ゲノセクト,むし,はがね,71,120,95,120,95,99,600
650,ハリマロン,くさ,,56,61,65,48,45,38,313
651,ハリボーグ,くさ,,61,78,95,56,58,57,405
652,ブリガロン,くさ,かくとう,88,107,122,74,75,64,530
653,フォッコ,ほのお,,40,45,40,62,60,60,307
654,テールナー,ほのお,,59,59,58,90,70,73,409
655,マフォクシー,ほのお,エスパー,75,69,72,114,100,104,534
656,ケロマツ,みず,,41,56,40,62,44,71,314
657,ゲコガシラ,みず,,54,63,52,83,56,97,405
658,ゲッコウガ,みず,あく,72,95,67,103,71,122,530
659,ホルビー,ノーマル,,38,36,38,32,36,57,237
660,ホルード,ノーマル,じめん,85,56,77,50,77,78,423
661,ヤヤコマ,ノーマル,ひこう,45,50,43,40,38,62,278
662,ヒノヤコマ,ほのお,ひこう,62,73,55,56,52,84,382
663,ファイアロー,ほのお,ひこう,78,81,71,74,69,126,499
664,コフキムシ,むし,,38,35,40,27,25,35,200
665,コフーライ,むし,,45,22,60,27,30,29,213
666,ビビヨン,むし,ひこう,80,52,50,90,50,89,411
667,シシコ,ほのお,ノーマル,62,50,58,73,54,72,369
668,カエンジシ,ほのお,ノーマル,86,68,72,109,66,106,507
669,フラベベ,フェアリー,,44,38,39,61,79,42,303
670,フラエッテ,フェアリー,,54,45,47,75,98,52,371
671,フラージェス,フェアリー,,78,65,68,112,154,75,552
672,メェークル,くさ,,66,65,48,62,57,52,350
673,ゴーゴート,くさ,,123,100,62,97,81,68,531
674,ヤンチャム,かくとう,,67,82,62,46,48,43,348
675,ゴロンダ,かくとう,あく,95,124,78,69,71,58,495
676,トリミアン,ノーマル,,75,80,60,65,90,102,472
677,ニャスパー,エスパー,,62,48,54,63,60,68,355
678,ニャオニクス♂,エスパー,,74,48,76,83,81,104,466
679,ヒトツキ,はがね,ゴースト,45,80,100,35,37,28,325
680,ニダンギル,はがね,ゴースト,59,110,150,45,49,35,448
681,ギルガルド,はがね,ゴースト,60,150,50,150,50,60,520
682,シュシュプ,フェアリー,,78,52,60,63,65,23,341
683,フレフワン,フェアリー,,101,72,72,99,89,29,462
684,ペロッパフ,フェアリー,,62,48,66,59,57,49,341
685,ペロリーム,フェアリー,,82,80,86,85,75,72,480
686,マーイーカ,あく,エスパー,53,54,53,37,46,45,288
687,カラマネロ,あく,エスパー,86,92,88,68,75,73,482
688,カメテテ,いわ,みず,42,52,67,39,56,50,306
689,ガメノデス,いわ,みず,72,105,115,54,86,68,500
690,クズモー,どく,みず,50,60,60,60,60,30,320
691,ドラミドロ,どく,ドラゴン,65,75,90,97,123,44,494
692,ウデッポウ,みず,,50,53,62,58,63,44,330
693,ブロスター,みず,,71,73,88,120,89,59,500
694,エリキテル,でんき,ノーマル,44,38,33,61,43,70,289
695,エレザード,でんき,ノーマル,62,55,52,109,94,109,481
696,チゴラス,いわ,ドラゴン,58,89,77,45,45,48,362
697,ガチゴラス,いわ,ドラゴン,82,121,119,69,59,71,521
698,アマルス,いわ,こおり,77,59,50,67,63,46,362
699,アマルルガ,いわ,こおり,123,77,72,99,92,58,521
700,ニンフィア,フェアリー,,95,65,65,110,130,60,525
701,ルチャブル,かくとう,ひこう,78,92,75,74,63,118,500
702,デデンネ,でんき,フェアリー,67,58,57,81,67,101,431
703,メレシー,いわ,フェアリー,50,50,150,50,150,50,500
704,ヌメラ,ドラゴン,,45,50,35,55,75,40,300
705,ヌメイル,ドラゴン,,68,75,53,83,113,60,452
706,ヌメルゴン,ドラゴン,,90,100,70,110,150,80,600
707,クレッフィ,はがね,フェアリー,57,80,91,80,87,75,470
708,ボクレー,ゴースト,くさ,43,70,48,50,60,38,309
709,オーロット,ゴースト,くさ,85,110,76,65,82,56,474
710,バケッチャ,ゴースト,くさ,49,66,70,44,55,51,335
711,パンプジン,ゴースト,くさ,65,90,122,58,75,84,494
712,カチコール,こおり,,55,69,85,32,35,28,304
713,クレベース,こおり,,95,117,184,44,46,28,514
714,オンバット,ひこう,ドラゴン,40,30,35,45,40,55,245
715,オンバーン,ひこう,ドラゴン,85,70,80,97,80,123,535
716,ゼルネアス,フェアリー,,126,131,95,131,98,99,680
717,イベルタル,あく,ひこう,126,131,95,131,98,99,680
718,ジガルデ,ドラゴン,じめん,216,100,121,91,95,85,708
719,ディアンシー,いわ,フェアリー,50,100,150,100,150,50,600
720,フーパ,エスパー,あく,80,160,60,170,130,80,680
721,ボルケニオン,ほのお,みず,80,110,120,130,90,70,600
722,モクロー,くさ,ひこう,68,55,55,50,50,42,320
723,フクスロー,くさ,ひこう,78,75,75,70,70,52,420
724,ジュナイパー,くさ,ゴースト,78,107,75,100,100,70,530
725,ニャビー,ほのお,,45,65,40,60,40,70,320
726,ニャヒート,ほのお,,65,85,50,80,50,90,420
727,ガオガエン,ほのお,あく,95,115,90,80,90,60,530
728,アシマリ,みず,,50,54,54,66,56,40,320
729,オシャマリ,みず,,60,69,69,91,81,50,420
730,アシレーヌ,みず,フェアリー,80,74,74,126,116,60,530
731,ツツケラ,ノーマル,ひこう,35,75,30,30,30,65,265
732,ケララッパ,ノーマル,ひこう,55,85,50,40,50,75,355
733,ドデカバシ,ノーマル,ひこう,80,120,75,75,75,60,485
734,ヤングース,ノーマル,,48,70,30,30,30,45,253
735,デカグース,ノーマル,,88,110,60,55,60,45,418
736,アゴジムシ,むし,,47,62,45,55,45,46,300
737,デンヂムシ,むし,でんき,57,82,95,55,75,36,400
738,クワガノン,むし,でんき,77,70,90,145,75,43,500
739,マケンカニ,かくとう,,47,82,57,42,47,63,338
740,ケケンカニ,かくとう,こおり,97,132,77,62,67,43,478
741,オドリドリ,ほのお,ひこう,75,70,70,98,70,93,476
742,アブリー,むし,フェアリー,40,45,40,55,40,84,304
743,アブリボン,むし,フェアリー,60,55,60,95,70,124,464
744,イワンコ,いわ,,45,65,40,30,40,60,280
745,ルガルガン,いわ,,75,115,65,55,65,112,487
746,ヨワシ,みず,,45,20,20,25,25,40,175
747,ヒドイデ,どく,みず,50,53,62,43,52,45,305
748,ドヒドイデ,どく,みず,50,63,152,53,142,35,495
749,ドロバンコ,じめん,,70,100,70,45,55,45,385
750,バンバドロ,じめん,,100,125,100,55,85,35,500
751,シズクモ,みず,むし,38,40,52,40,72,27,269
752,オニシズクモ,みず,むし,68,70,92,50,132,42,454
753,カリキリ,くさ,,40,55,35,50,35,35,250
754,ラランテス,くさ,,70,105,90,80,90,45,480
755,ネマシュ,くさ,フェアリー,40,35,55,65,75,15,285
756,マシェード,くさ,フェアリー,60,45,80,90,100,30,405
757,ヤトウモリ,どく,ほのお,48,44,40,71,40,77,320
758,エンニュート,どく,ほのお,68,64,60,111,60,117,480
759,ヌイコグマ,ノーマル,かくとう,70,75,50,45,50,50,340
760,キテルグマ,ノーマル,かくとう,120,125,80,55,60,60,500
761,アマカジ,くさ,,42,30,38,30,38,32,210
762,アママイコ,くさ,,52,40,48,40,48,62,290
763,アマージョ,くさ,,72,120,98,50,98,72,510
764,キュワワー,フェアリー,,51,52,90,82,110,100,485
765,ヤレユータン,ノーマル,エスパー,90,60,80,90,110,60,490
766,ナゲツケサル,かくとう,,100,120,90,40,60,80,490
767,コソクムシ,むし,みず,25,35,40,20,30,80,230
768,グソクムシャ,むし,みず,75,125,140,60,90,40,530
769,スナバァ,ゴースト,じめん,55,55,80,70,45,15,320
770,シロデスナ,ゴースト,じめん,85,75,110,100,75,35,480
771,ナマコブシ,みず,,55,60,130,30,130,5,410
772,タイプ：ヌル,ノーマル,,95,95,95,95,95,59,534
773,シルヴァディ,ノーマル,,95,95,95,95,95,95,570
774,メテノ,いわ,ひこう,60,100,60,100,60,120,500
775,ネッコアラ,ノーマル,,65,115,65,75,95,65,480
776,バクガメス,ほのお,ドラゴン,60,78,135,91,85,36,485
777,トゲデマル,でんき,はがね,65,98,63,40,73,96,435
778,ミミッキュ,ゴースト,フェアリー,55,90,80,50,105,96,476
779,ハギギシリ,みず,エスパー,68,105,70,70,70,92,475
780,ジジーロン,ノーマル,ドラゴン,78,60,85,135,91,36,485
781,ダダリン,ゴースト,くさ,70,131,100,86,90,40,517
782,ジャラコ,ドラゴン,,45,55,65,45,45,45,300
783,ジャランゴ,ドラゴン,かくとう,55,75,90,65,70,65,420
784,ジャラランガ,ドラゴン,かくとう,75,110,125,100,105,85,600
785,カプ・コケコ,でんき,フェアリー,70,115,85,95,75,130,570
786,カプ・テテフ,エスパー,フェアリー,70,85,75,130,115,95,570
787,カプ・ブルル,くさ,フェアリー,70,130,115,85,95,75,570
788,カプ・レヒレ,みず,フェアリー,70,75,115,95,130,85,570
789,コスモッグ,エスパー,,43,29,31,29,31,37,200
790,コスモウム,エスパー,,43,29,131,29,131,37,400
791,ソルガレオ,エスパー,はがね,137,137,107,113,89,97,680
792,ルナアーラ,エスパー,ゴースト,137,113,89,137,107,97,680
793,ウツロイド,いわ,どく,109,53,47,127,131,103,570
794,マッシブーン,むし,かくとう,107,139,139,53,53,79,570
795,フェローチェ,むし,かくとう,71,137,37,137,37,151,570
796,デンジュモク,でんき,,83,89,71,173,71,83,570
797,テッカグヤ,はがね,ひこう,97,101,103,107,101,61,570
798,カミツルギ,くさ,はがね,59,181,131,59,31,109,570
799,アクジキング,あく,ドラゴン,223,101,53,97,53,43,570
800,ネクロズマ,エスパー,,97,107,101,127,89,79,600
801,マギアナ,はがね,フェアリー,80,95,115,130,115,65,600
802,マーシャドー,かくとう,ゴースト,90,125,80,90,90,125,600
